name,kegg,synonyms
benzyl alcohol(aq),kegg:C00556,[]
NAD(aq),kegg:C00003,"['NAD(aq)', 'NAD', 'NAD(ox)(aq)', 'NAD(ox)', 'NAD+(aq)']"
benzaldehyde(aq),kegg:C00261,[]
NADH(aq),kegg:C00004,"['NADH(aq)', 'NAD(red)(aq)', 'NAD(red)']"
1-butanol(aq),kegg:C06142,[]
butanal(aq),kegg:C01412,[]
cyclohexanol(aq),kegg:C00854,[]
cyclohexanone(aq),kegg:C00414,[]
ethanol(aq),kegg:C00469,[]
acetaldehyde(aq),kegg:C00084,[]
AP-NAD(aq),COCO:COCOM00012,[]
AP-NADH(aq),COCO:COCOM00013,[]
desamino NAD(aq),nan,[]
desamino NADH(aq),nan,[]
1-hexanol,nan,[]
NAD,kegg:C00003,"['NAD(aq)', 'NAD', 'NAD(ox)(aq)', 'NAD(ox)', 'NAD+(aq)']"
hexanal,nan,[]
NADH,nan,[]
cis-3-hexene-1-ol(aq),kegg:C08492,[]
cis-3-hexenal(aq),kegg:C16310,[]
trans-2-hexen-1-ol,nan,[]
trans-2-hexenal,nan,[]
1-nonanol,nan,[]
nonanal,nan,[]
1-octanol(aq),kegg:C00756,[]
octanal(aq),kegg:C01545,[]
1-propanol(aq),kegg:C05979,[]
propanal(aq),kegg:C00479,[]
2-propanol(aq),kegg:C01845,[]
acetone(aq),kegg:C00207,[]
vitamin A alcohol(aq),kegg:C00473,"['vitamin A alcohol(aq)', 'retinol(aq)']"
vitamin A aldehyde(aq),kegg:C00376,"['vitamin A aldehyde(aq)', 'all-trans-retinal(aq)']"
L-homoserine(aq),kegg:C00263,[]
L-aspartate 4-semialdehyde(aq),kegg:C00441,"['L-aspartate 4-semialdehyde(aq)', 'L-aspartate-4-semialdehyde(aq)']"
NADP(aq),kegg:C00006,"['NADP(aq)', 'NADP(ox)(aq)', 'NADP(ox)']"
NADPH(aq),kegg:C00005,"['NADPH(aq)', 'NADP(red)(aq)']"
"(R,R)-2,3-butanediol(aq)",kegg:C03044,[]
(R)-acetoin(aq),kegg:C00810,[]
glycerol(aq),kegg:C00116,[]
dihydroxyacetone(aq),kegg:C00184,[]
sn-glycerol 3-phosphate(aq),kegg:C00093,"['sn-glycerol 3-phosphate(aq)', 'sn-glycerol 3-phosphate']"
dihydroxyacetone phosphate(aq),kegg:C00111,"['dihydroxyacetone phosphate(aq)', 'glycerone phosphate(aq)']"
sn-glycerol 3-phosphate,kegg:C00093,"['sn-glycerol 3-phosphate(aq)', 'sn-glycerol 3-phosphate']"
allitol(aq),nan,[]
D-psicose(aq),kegg:C06468,[]
D-glycero-D-glucoheptitol(aq),nan,[]
D-sedoheptulose(aq),nan,[]
L-iditol(aq),kegg:C01507,[]
L-sorbose(aq),kegg:C00247,[]
ribitol(aq),kegg:C00474,[]
D-ribulose(aq),kegg:C00309,[]
D-sorbitol(aq),kegg:C00794,[]
D-fructose(aq),kegg:C00095,[]
L-threitol(aq),nan,[]
L-erythrulose(aq),kegg:C02045,[]
xylitol(aq),kegg:C00379,[]
D-xylulose(aq),kegg:C00310,[]
L-xylulose(aq),kegg:C00312,[]
galactitol(aq),kegg:C01697,[]
D-tagatose(aq),kegg:C00795,[]
D-mannitol(aq),kegg:C00392,[]
D-mannitol 1-phosphate(aq),kegg:C00644,"['D-mannitol 1-phosphate(aq)', 'D-mannitol-1-phosphate(aq)']"
D-fructose 6-phosphate(aq),kegg:C00085,"['D-fructose 6-phosphate(aq)', 'D-Fructose 6-phosphate']"
myo-inositol,nan,[]
2-oxo-myo-inositol,nan,[]
D-xylose(aq),kegg:C00181,[]
quinate(aq),kegg:C00296,[]
5-dehydroquinate(aq),kegg:C00944,"['5-dehydroquinate(aq)', '3-dehydroquinate(aq)']"
shikimate(aq),kegg:C00493,[]
3-dehydroshikimate(aq),kegg:C02637,[]
(R)-glycerate(aq),kegg:C00258,[]
hydroxypyruvate(aq),kegg:C00168,[]
glycolate(aq),kegg:C00160,[]
glyoxylate(aq),kegg:C00048,[]
2-hydroxybutanoate(aq),kegg:C05984,"['2-hydroxybutanoate(aq)', 'D-2-hydroxy-n-butanoate(aq)']"
2-oxobutanoate(aq),kegg:C00109,[]
"2,4-dihydroxybutanoate(aq)",nan,[]
2-oxo-4-hydroxybutanoate(aq),nan,[]
(S)-lactate(aq),kegg:C00186,[]
pyruvate(aq),kegg:C00022,"['pyruvate(aq)', 'pyruvate', 'pyruvate-(aq)']"
(R)-lactate(aq),kegg:C00256,[]
(R)-3-hydroxybutanoate(aq),kegg:C01089,[]
3-oxobutanoate(aq),kegg:C00164,"['3-oxobutanoate(aq)', 'acetoacetate(aq)']"
3-hydroxy-2-methylpropanoate(aq),kegg:C01188,[]
2-methyl-3-oxopropanoate(aq),kegg:C00349,[]
(S)-3-hydroxybutanoyl-CoA(aq),kegg:C01144,"['(S)-3-hydroxybutanoyl-CoA(aq)', '(3S)-3-hydroxybutanoyl-CoA(aq)', 'DL-3-hydroxybutanoyl-CoA(aq)', '(3S)-hydroxybutanoyl-coenzyme A(aq)']"
3-oxobutanoyl-CoA(aq),kegg:C00332,"['3-oxobutanoyl-CoA(aq)', 'acetoacetyl-CoA(aq)']"
(S)-3-hydroxyhexanoyl-CoA(aq),kegg:C05268,"['(S)-3-hydroxyhexanoyl-CoA(aq)', '(3S)-3-hydroxyhexanoyl-CoA(aq)']"
3-oxohexanoyl-CoA(aq),kegg:C05269,[]
(S)-malate(aq),kegg:C00149,[]
oxaloacetate(aq),kegg:C00036,"['oxaloacetate(aq)', 'keto-oxaloacetate(aq)']"
meso-tartrate(aq),kegg:C00552,[]
(E)-dihydroxyfumarate(aq),kegg:C00975,[]
2-oxo-3-hydroxysuccinate(aq),kegg:C03459,"['2-oxo-3-hydroxysuccinate(aq)', '2-oxo-3-hydroxybutanedioic acid(aq)']"
L-glutamate(aq),kegg:C00025,[]
L-aspartate(aq),kegg:C00049,[]
2-oxoglutarate(aq),kegg:C00026,[]
acetyl-CoA(aq),kegg:C00024,[]
H2O(l),kegg:C00001,"['H2O(l)', 'H2O', 'H2o(l)']"
citrate(aq),kegg:C00158,[]
CoA(aq),kegg:C00010,[]
carbon dioxide(aq),kegg:C00288,"['carbon dioxide(aq)', 'CO2(aq)', 'CO2']"
isocitrate(aq),kegg:C00311,[]
6-phospho-D-gluconate(aq),kegg:C00345,[]
D-ribulose 5-phosphate(aq),kegg:C00199,"['D-ribulose 5-phosphate(aq)', 'D-Ribulose 5-phosphate']"
-D-glucose(aq),kegg:C00031,"['-D-glucose(aq)', 'D-glucose(aq)']"
"D-glucono-1,5-lactone(aq)",kegg:C00198,[]
D-galactose(aq),kegg:C00124,[]
"D-galactono-1,4-lactone(aq)",kegg:C03383,[]
D-glucose 6-phosphate(aq),kegg:C00092,"['D-glucose 6-phosphate(aq)', 'D-glucose 6-phosphate', '-D-glucose 6-phosphate(aq)']"
"D-glucono-1,5-lactone 6-phosphate(aq)",kegg:C01236,[]
5α-androstane-3α-ol-17-one(aq),nan,[]
"5α-androstane-3,17-dione(aq)",nan,[]
"5α-androstane-3α,17β-diol(aq)",nan,[]
5α-androstane-17β-ol-3-one(aq),nan,[]
TNAD(aq),nan,[]
TNADH(aq),nan,[]
5β-androstane-3α-ol-17-one(aq),nan,[]
"5β-androstane-3,17-dione(aq)",nan,[]
"5α-pregnane-3α,17α,21-triol-20-one(aq)",nan,[]
"5α-pregnane-17α,21-diol-3,20-dione(aq)",nan,[]
"5β-pregnane-3α,17α,21-triol-20-one(aq)",nan,[]
"5β-pregnane-17α,21-diol-3,20-dione(aq)",nan,[]
"5β-pregnane-3α,17α,21-triol-11,20-dione(aq)",nan,[]
"5β-pregnane-17α,21-diol-3,11,20-trione(aq)",nan,[]
"5alpha-androstane-3beta,17alpha-diol(aq)",nan,[]
5alpha-androstane-17alpha-ol-3-one(aq),nan,[]
4-androstene-17-ol-3-one(aq),kegg:C00535,[]
"4-androstene-3,17-dione(aq)",kegg:C00280,[]
"5α-pregnane-3β,17α,21-triol-11,20-dione(aq)",nan,[]
"5α-pregnane-17α,21-diol-3,11,20-trione(aq)",nan,[]
"1,2-propanediol(aq)",kegg:C00583,[]
L-lactaldehyde(aq),kegg:C00424,"['L-lactaldehyde(aq)', '(S)-lactaldehyde(aq)']"
3-hydroxypropanoate(aq),kegg:C01013,[]
3-oxopropanoate(aq),kegg:C00222,"['3-oxopropanoate(aq)', '3-oxopropanoate']"
2-hydroxy-3-oxopropanoate(aq),kegg:C01146,[]
4-hydroxybutanoate(aq),kegg:C00989,[]
4-oxobutanoate(aq),kegg:C00232,[]
estradiol-17(aq),kegg:C00951,[]
estrone(aq),kegg:C00468,[]
D-gluconate(aq),kegg:C00257,[]
5-oxo-D-gluconate(aq),nan,[]
(R)-glyceraldehyde(aq),kegg:C00577,"['(R)-glyceraldehyde(aq)', 'D-glyceraldehyde(aq)']"
3-phospho-D-glycerate(aq),kegg:C00197,"['3-phospho-D-glycerate(aq)', '(R)-3-phosphoglycerate(aq)']"
3-phosphohydroxypyruvate(aq),kegg:C03232,"['3-phosphohydroxypyruvate(aq)', '3-phosphonooxypyruvate(aq)']"
"-(3,5-diiodo-4-hydroxyphenyl)lactate(aq)",kegg:C04367,[]
"-(3,5-diiodo-4-hydroxyphenyl)pyruvate(aq)",kegg:C01244,[]
3-hydroxybenzyl alcohol(aq),kegg:C03351,[]
3-hydroxybenzaldehyde(aq),kegg:C03067,[]
(3R)-3-hydroxybutanoyl-[acyl-carrier protein](aq),kegg:C04618,[]
3-oxobutanoyl-[acyl-carrier protein](aq),nan,[]
L-carnitine(aq),kegg:C00318,[]
3-dehydrocarnitine(aq),kegg:C02636,[]
indole-3-lactate(aq),kegg:C02043,[]
indole-3-pyruvate(aq),kegg:C00331,[]
D-glucose(aq),kegg:C00031,"['-D-glucose(aq)', 'D-glucose(aq)']"
5-dehydro-D-fructose(aq),kegg:C00273,[]
2-deoxy-D-gluconate(aq),kegg:C02782,[]
2-deoxy-3-dehydro-D-gluconate(aq),kegg:C03926,[]
L-threonate(aq),kegg:C01620,[]
3-oxo-L-threonate(aq),kegg:C03064,[]
D-sorbitol 6-phosphate(aq),kegg:C01096,[]
prostaglandin E1(aq),kegg:C04741,[]
15-oxo-prostaglandin E1(aq),kegg:C04654,[]
"4-pregnene-11β,17α,21-triol-3,20-dione(aq)",nan,[]
"4-pregnene-11β,17α-diol-3,20,21-trione( aq)",nan,[]
"7,8-dihydrobiopterin(aq)",kegg:C02953,[]
sepiapterin(aq),kegg:C00835,[]
coniferyl alcohol(aq),kegg:C00590,[]
coniferyl aldehyde(aq),kegg:C02666,[]
(R)-2-hydroxyglutarate(aq),kegg:C01087,[]
2-oxo-D-gluconate(aq),kegg:C06473,[]
lactose(aq),kegg:C00243,[]
cytochrome c(aq),4 kegg:C00125,[]
3-oxolactose(aq),kegg:C05403,[]
reduced cytochrome c(aq),4 kegg:C00126,[]
formate(aq),kegg:C00058,[]
orthophosphate(aq),kegg:C00009,"['orthophosphate(aq)', 'orthophospate(aq)', 'HPO4-2-(aq)', 'phosphate(aq)']"
L-4-aspartyl phosphate(aq),kegg:C03082,"['L-4-aspartyl phosphate(aq)', '4-phospho-L-aspartate(aq)']"
L-aspartate-4-semialdehyde(aq),kegg:C00441,"['L-aspartate 4-semialdehyde(aq)', 'L-aspartate-4-semialdehyde(aq)']"
D-glyceraldehyde 3-phosphate(aq),kegg:C00118,"['D-glyceraldehyde 3-phosphate(aq)', 'D-glyceraldehyde-3-phosphate(aq)']"
(aminomethyl)phosphoate(aq),nan,[]
(3-phospho-D-glyceroyl-animomethyl)phosphate(aq),nan,[]
(chloroethyl)phosphoate(aq),nan,[]
(3-phospho-D-glyceroyl-chloroethyl)phosphate(aq),nan,[]
(chloromethyl)phosphoate(aq),nan,[]
(3-phospho-D-glyceroyl-chloromethyl)phosphate(aq),nan,[]
(ethyl)phosphoate(aq),nan,[]
(3-phospho-D-glyceroyl-ethyl)phosphate(aq),nan,[]
(methoxy)phosphoate(aq),nan,[]
(3-phospho-D-glyceroyl-methoxy)phosphate(aq),nan,[]
(methyl)phosphoate(aq),nan,[]
(3-phospho-D-glyceroyl-methyl)phosphate(aq),nan,[]
3-phospho-D-glyceroyl phosphate(aq),kegg:C00236,[]
phosphonate(aq),nan,[]
(3-phospho-D-glyceroyl)phosphonate(aq),nan,[]
ADP(aq),kegg:C00008,"['ADP(aq)', 'ADP-3-(aq)']"
ATP(aq),kegg:C00002,"['ATP(aq)', 'ATP', 'ATP-4-(aq)']"
oxalyl-CoA(aq),kegg:C00313,[]
succinate(aq),kegg:C00042,[]
O2(aq),kegg:C00007,"['O2(aq)', 'O2']"
fumarate(aq),kegg:C00122,"['fumarate(aq)', 'Fumarate']"
(S)-dihydroorotate(aq),kegg:C00337,[]
orotate(aq),kegg:C00295,[]
L-alanine(aq),kegg:C00041,"['L-alanine(aq)', 'L-alanine']"
ammonia(aq),kegg:C00014,"['ammonia(aq)', 'NH3(aq)']"
L-leucine(aq),kegg:C00123,[]
4-methyl-2-oxopentanoate(aq),kegg:C00233,"['4-methyl-2-oxopentanoate(aq)', '4-methyl-2-oxopentanooate(aq)', '2-oxoisocaproate(aq)']"
glycine(ag),nan,[]
"L-erythro-3,5-diaminohexanoate(aq)",kegg:C01186,[]
(S)-5-amino-3-oxohexanoate(aq),kegg:C03656,[]
"2,4-diaminopentanoate(aq)",kegg:C03943,"['2,4-diaminopentanoate(aq)', 'D-threo-2,4-diaminopentanoate(aq)']"
2-amino-4-oxopentanoate(aq),kegg:C03341,[]
(S)-proline(aq),kegg:C00148,[]
D-1-pyrroline-2-carboxylate(aq),kegg:C03564,[]
D-1-pyrroline-5-carboxylate(aq),kegg:C03912,"['D-1-pyrroline-5-carboxylate(aq)', 'DL-D-1-pyrroline-5-carboxylate(aq)']"
"7,8-dihydrofolate(aq)",kegg:C00415,"['7,8-dihydrofolate(aq)', 'dihydrofolate(aq)']"
folate(aq),kegg:C00504,[]
"5,6,7,8-tetrahydrofolate(aq)",kegg:C00101,"['5,6,7,8-tetrahydrofolate(aq)', 'tetrahydrofolate(aq)', 'THF(aq)', 'Tetrahydrofolate']"
"5,10-methylenetetrahydrofolate(aq)",kegg:C00143,"['5,10-methylenetetrahydrofolate(aq)', '5,10-CH2-THF(aq)']"
"5,10-methenyltetrahydrofolate(aq)",kegg:C00445,[]
N-2-(D-1-carboxyethyl)-L-arginine(aq),kegg:C04137,[]
L-arginine(aq),kegg:C00062,[]
"2,2'-iminodipropanoate(aq)",kegg:C03210,[]
2-methyliminodiacetatc(aq),nan,[]
H20(l),nan,[]
glycine(aq),kegg:C00037,[]
L-pipecolate(aq),kegg:C00408,[]
D-1-piperidine-2-carboxylate(aq),kegg:C04092,[]
reduced glutathione(aq),2 kegg:C00051,"['reduced glutathione(aq)', 'glutathoine(red)(aq)']"
oxidized glutathione(aq),kegg:C00127,"['oxidized glutathione(aq)', 'glutathoine(ox)(aq)']"
reduced thioredoxin(aq),kegg:C00342,[]
oxidized thioredoxin(aq),kegg:C00343,[]
5-methyltetrahydrofolate(aq),kegg:C00440,[]
flavin-adenine dinucleotide(aq),kegg:C00016,[]
reduced flavin-adenine dinucleotide(aq),kegg:C01352,[]
dihydrolipoamide(aq),kegg:C00579,[]
lipoamide(aq),kegg:C00248,[]
dihydro--lipoate(aq),kegg:C02147,[]
-lipoate(aq),kegg:C00725,"['-lipoate(aq)', 'lipoate(aq)']"
CoA-glutathione(aq),kegg:C00920,[]
H2(aq),kegg:C00282,[]
betaine(aq),kegg:C00719,[]
L-homocysteine(aq),kegg:C00155,[]
"N,N-dimethylglycine(aq)",kegg:C01026,[]
L-methionine(aq),kegg:C00073,[]
dimethylacetothetin(aq),kegg:C03392,[]
S-methylthioglycolate(aq),kegg:C03173,[]
dimethylpropiothetin(aq),nan,[]
S-methyltpropiothetin(aq),nan,[]
S-methylmethionine(aq),nan,[]
trimethylsulfonium(aq),kegg:C01008,[]
dimethylsulfide(aq),kegg:C00580,[]
S-adenosyl-L-methionine(aq),kegg:C00019,[]
S-adenosyl-L-homocysteine(aq),kegg:C00021,[]
dUMP(aq),kegg:C00365,[]
dihydrofolate(aq),kegg:C00415,"['7,8-dihydrofolate(aq)', 'dihydrofolate(aq)']"
dTMP(aq),kegg:C00364,[]
L-threonine(aq),kegg:C00188,[]
formaldehyde(aq),kegg:C00067,"['formaldehyde(aq)', 'Formaldehyde']"
L-serine(aq),kegg:C00065,[]
tetrahydrofolate(aq),kegg:C00101,"['5,6,7,8-tetrahydrofolate(aq)', 'tetrahydrofolate(aq)', 'THF(aq)', 'Tetrahydrofolate']"
5-formiminotetrahydrofolate(aq),kegg:C00664,[]
N-formiminoglycine(aq),kegg:C02718,[]
N-formimino-L-glutamate(aq),kegg:C00439,[]
2-hydroxymethylserine(aq),kegg:C03059,[]
D-serine(aq),kegg:C00740,[]
2-methylserine(aq),kegg:C02115,[]
D-alanine(aq),kegg:C00133,[]
propanoyl-CoA(aq),kegg:C00100,"['propanoyl-CoA(aq)', 'propionyl-CoA(aq)', 'propanonyl-CoA(aq)']"
methylmalonyl-CoA(aq),kegg:C02557,[]
carbamoyl phosphate(aq),kegg:C00169,[]
L-ornithine(aq),kegg:C00077,[]
L-citrulline(aq),kegg:C00327,[]
guanidinoacetate(aq),kegg:C00581,[]
D-erythrose 4-phosphate(aq),kegg:C00279,"['D-erythrose 4-phosphate(aq)', 'D-erythrose 4-phospahte(aq)']"
D-xylulose 5-phosphate(aq),kegg:C00231,[]
D-erythrose 4-phospahte(aq),kegg:C00279,"['D-erythrose 4-phosphate(aq)', 'D-erythrose 4-phospahte(aq)']"
glycolaldehyde(aq),kegg:C00266,[]
sedoheptulose 7-phosphate(aq),kegg:C05382,[]
D-ribose 5-phosphate(aq),kegg:C00117,[]
D-glyceraldehyde-3-phosphate(aq),kegg:C00118,"['D-glyceraldehyde 3-phosphate(aq)', 'D-glyceraldehyde-3-phosphate(aq)']"
D-glyceraldehyde(aq),kegg:C00577,"['(R)-glyceraldehyde(aq)', 'D-glyceraldehyde(aq)']"
acetyl phosphate(aq),kegg:C00227,"['acetyl phosphate(aq)', 'acetyl phosphate-2-(aq)']"
imidazole(aq),kegg:C01589,[]
N-acetylimidazole(aq),kegg:C02560,[]
4-aminoazobenzene-4'-sulfonic acid(aq),nan,[]
acetanilide(aq),nan,[]
N-acetyl-4-aminoazobenzene-4'-sulfonic acid(aq),nan,[]
aniline(aq),nan,[]
4'-acetylacetanalide(aq),nan,[]
4'-aminoacetophenone(aq),nan,[]
4'-chloroacetanilide(aq),nan,[]
4'-chloroaniline(aq),nan,[]
4'-cyanoacetanilide(aq),nan,[]
4'-cyanoaniline(aq),nan,[]
ethyl 4-acetamidobenzoate(aq),nan,[]
ethyl 4-aminobenzoate(aq),nan,[]
4'-methoxyacetanilide(aq),nan,[]
4'-methoxyaniline(aq),nan,[]
4'-methylacetanilide(aq),nan,[]
p-toluidine(aq),nan,[]
4'-nitroacetanilide(aq),nan,[]
4'-nitroaniline(aq),nan,[]
"α,α,α-trifluoro-m-acetanilide(aq)",nan,[]
"α,α,α-trifluoro-m-toluidine(aq)",nan,[]
choline(aq),kegg:C00114,[]
O-acetylcholine(aq),kegg:C01996,"['O-acetylcholine(aq)', 'acetylcholine(aq)']"
L-acetylcarnitine(aq),kegg:C02571,[]
butyryl-CoA(aq),nan,[]
L-butyrylcarnitine(aq),nan,[]
propionyl-CoA(aq),kegg:C00100,"['propanoyl-CoA(aq)', 'propionyl-CoA(aq)', 'propanonyl-CoA(aq)']"
L-propionylcarnitine(aq),kegg:C03017,[]
formyl-CoA(aq),kegg:C00798,[]
formyl phosphate(aq),kegg:C02405,[]
acetate(aq),kegg:C00033,"['acetate(aq)', 'acetate-(aq)']"
orthophospate(aq),kegg:C00009,"['orthophosphate(aq)', 'orthophospate(aq)', 'HPO4-2-(aq)', 'phosphate(aq)']"
acetoacetyl-CoA(aq),kegg:C00332,"['3-oxobutanoyl-CoA(aq)', 'acetoacetyl-CoA(aq)']"
palmitoyl-CoA(aq),kegg:C00154,[]
L-palmitoylcarnitine(aq),kegg:C02990,[]
N-2-acetyl-L-ornithine(aq),kegg:C00437,[]
N-acetyl-L-glutamate(aq),kegg:C00624,[]
acyl-carrier protein(aq),kegg:C00229,[]
acetyl-[acyl-carrier protein](aq),kegg:C03939,[]
malonyl-CoA(aq),kegg:C00083,[]
malonyl-[acyl-carrier protein](aq),kegg:C01209,[]
sucrose(aq),kegg:C00089,[]
-D-glucose 1-phosphate(aq),kegg:C00103,"['-D-glucose 1-phosphate(aq)', 'D-glucose 1-phosphate(aq)']"
maltose(aq),kegg:C00208,[]
D-glucose 1-phosphate(aq),kegg:C00103,"['-D-glucose 1-phosphate(aq)', 'D-glucose 1-phosphate(aq)']"
"(2,6-beta-D-fructosyl)n(aq)",nan,[]
"(2,6-beta-D-fructosyl)n+1(aq)",nan,[]
ADPglucose(aq),kegg:C00498,[]
UDPglucose(aq),kegg:C00029,"['UDPglucose(aq)', 'UDP-glucose']"
UDP(aq),2 kegg:C00015,[]
sucrose 6-phosphate(aq),kegg:C16688,[]
UDP-glucose,kegg:C00029,"['UDPglucose(aq)', 'UDP-glucose']"
D-glucose 6-phosphate,kegg:C00092,"['D-glucose 6-phosphate(aq)', 'D-glucose 6-phosphate', '-D-glucose 6-phosphate(aq)']"
UDP,kegg:C00015,[]
"alpha,alpha'-trehalose 6-phosphate",kegg:C00689,"[""alpha,alpha'-trehalose 6-phosphate"", ',-trehalose 6-phosphate(aq)']"
cycloheptaamylose(aq),nan,[]
cyclohexaamylose(aq),nan,[]
cyclooctaamylose(aq),nan,[]
cellobiose(aq),kegg:C00185,[]
cellotriose(aq),kegg:C06219,[]
laminaribiose(aq),kegg:C02048,[]
laminaritetraose(aq),nan,[]
laminaritriose(aq),nan,[]
alpha-D-glucose 1-phosphate(aq),nan,[]
",-trehalose(aq)",kegg:C01083,[]
1--D-galactosyl-myo-inositol(aq),kegg:C01235,[]
raffinose(aq),kegg:C00492,[]
myo-inositol(aq),kegg:C00137,[]
stachyose(aq),kegg:C01613,[]
sinapate(aq),kegg:C00482,[]
1-sinapoyl-D-glucose(aq),kegg:C01175,[]
adenosine(aq),kegg:C00212,[]
adenine(aq),kegg:C00147,[]
D-ribose 1-phosphate(aq),kegg:C00620,[]
2'-deoxyinosine(aq),kegg:C05512,"[""2'-deoxyinosine(aq)"", ""'-deoxyinosine(aq)""]"
hypoxanthine(aq),kegg:C00262,[]
2-deoxy--D-ribose 1-phosphate(aq),kegg:C00672,[]
guanosine(aq),kegg:C00387,[]
guanine(aq),kegg:C00242,[]
inosine(aq),kegg:C00294,[]
alpha-D-ribose 1-phosphate(aq),nan,[]
nicotinamide(aq),kegg:C00153,[]
nicotinamide riboside(aq),kegg:C03150,[]
xanthosine(aq),kegg:C01762,[]
xanthine(aq),kegg:C00385,[]
thymine(aq),kegg:C00178,[]
5-methyluridine(aq),nan,[]
alpha-D-ribose-1-phosphate,nan,[]
uridine(aq),kegg:C00299,[]
uracil(aq),kegg:C00106,[]
thymidine(aq),kegg:C00214,[]
2'-deoxyadenosine(aq),kegg:C00559,[]
5-phospho--D-ribose 1-diphosphate(aq),kegg:C00119,"['5-phospho--D-ribose 1-diphosphate(aq)', '5-Phospho-alpha-D-ribose 1-diphosphate(aq)']"
AMP(aq),kegg:C00020,"['AMP(aq)', 'AMP-2--(aq)', 'AMP']"
pyrophosphate(aq),kegg:C00013,"['pyrophosphate(aq)', 'pyrophosphate', 'diphosphate(aq)', 'diphosphate']"
5-amino-4-imidazolecarboxamide(aq),nan,[]
5-phospho-alpha-D-ribose 1-dipihosphate(aq),nan,[]
5-amino-1-beta-D-ribosyl-4-imidazolecarboxamide 5'-phosphate(aq),nan,[]
GMP(aq),kegg:C00144,"['GMP(aq)', ""guanosine 5 '-phosphate(aq)""]"
IMP(aq),kegg:C00130,[]
orotidine 5'-phosphate(aq),kegg:C01103,"[""orotidine 5'-phosphate(aq)"", ""orotidine 5 '-phosphate(aq)""]"
thiopyrophosphate(aq),nan,[]
phosphoribosyl-1-O-(2-thiodiphosphate)(aq),nan,[]
thiamine(aq),nan,[]
4-methyl-5-(2'-hydroxyethyl)-thiazole(aq),nan,[]
heteroanilithiamine(aq),nan,[]
heteronicotinathiamine(aq),nan,[]
2-methyl-4-amino-5-hydroxymethylpyrimidine diphosphate(aq),kegg:C04752,[]
4-methyl-5-(2-phosphonoxyethyl)-thiazole(aq),kegg:C04327,[]
thiamine monophosphate(aq),kegg:C01081,[]
erythro-3-hydroxyaspartate(aq),kegg:C19838,[]
2-oxo-3-hydroxybutanedioic acid(aq),kegg:C03459,"['2-oxo-3-hydroxysuccinate(aq)', '2-oxo-3-hydroxybutanedioic acid(aq)']"
L-histidinol phosphate(aq),kegg:C01100,[]
3-(imidazol-4-yl)-2-oxopropyl phosphate(aq),kegg:C01267,[]
DL-D-1-pyrroline-5-carboxylate(aq),kegg:C03912,"['D-1-pyrroline-5-carboxylate(aq)', 'DL-D-1-pyrroline-5-carboxylate(aq)']"
L-glutamine(aq),kegg:C00064,[]
2-oxoglutaramate(aq),kegg:C00940,[]
2-oxo-4-methiolbutyrate(aq),nan,[]
N-succinyl-2-L-amino-6-oxoheptanedioate(aq),kegg:C04462,[]
"N-succinyl-L-2,6-diaminoheptanedioate(aq)",kegg:C04421,[]
L-alanine,kegg:C00041,"['L-alanine(aq)', 'L-alanine']"
3-oxopropanoate,kegg:C00222,"['3-oxopropanoate(aq)', '3-oxopropanoate']"
beta-alanine,kegg:C00099,[]
pyruvate,kegg:C00022,"['pyruvate(aq)', 'pyruvate', 'pyruvate-(aq)']"
4-aminobutanoate(aq),kegg:C00334,[]
D-glutamate(aq),kegg:C00217,[]
5-deoxypyridoxamine(aq),nan,[]
5-deoxypyridoxal(aq),nan,[]
3-hydroxy-4-aminomethylpyridine(aq),nan,[]
3-hydroxypyridine-4-aldehyde(aq),nan,[]
ω-methylpyridoxamine(aq),nan,[]
ω-methylpyridoxal(aq),nan,[]
norpyridoxamine(aq),nan,[]
norpyridoxal(aq),nan,[]
pyridoxamine(aq),kegg:C00534,[]
pyridoxal(aq),kegg:C00250,[]
"dTDP-4-amino-4,6-dideoxy-D-glucose(aq)",kegg:C04268,[]
dTDP-4-dehydro-6-deoxy-D-glucose(aq),kegg:C11907,[]
L-2-aminoadipate(aq),kegg:C00956,[]
2-oxoadipate(aq),kegg:C00322,[]
3-phosphonooxypyruvate(aq),kegg:C03232,"['3-phosphohydroxypyruvate(aq)', '3-phosphonooxypyruvate(aq)']"
O-phospho-L-serine(aq),kegg:C01005,"['O-phospho-L-serine(aq)', 'L-O-phosphoserine(aq)']"
6-amino-D-glucose(aq),nan,[]
6-amino-D-glucose 6-phosphate(aq),nan,[]
D-mannose(aq),kegg:C00159,[]
D-mannose 6-phosphate(aq),kegg:C00275,[]
D-galactose 1-phosphate(aq),kegg:C03384,"['D-galactose 1-phosphate(aq)', '-D-galactose 1-phosphate(aq)']"
"D-fructose 1,6-bisphosphate(aq)",kegg:C00354,[]
3'-dephospho-CoA(aq),kegg:C00882,[]
lysozyme(aq),nan,[]
phospholysozyme(aq),nan,[]
phosvitin(aq),nan,[]
dephosvitin(aq),nan,[]
pyruvate kinase(aq),nan,[]
phosphoenolpyruvate kinase(aq),nan,[]
phosphoenolpyruvate(aq),kegg:C00074,"['phosphoenolpyruvate(aq)', 'phosphoenolpyruvate3-(aq)']"
1-phosphatidyl-1D-myo-inositol(aq),kegg:C01194,[]
1-phosphatidyl-1D-myo-inositol 4-phosphate(aq),kegg:C01277,[]
ADP (aq),nan,[]
ammonium carbamate(aq),kegg:C01563,"['ammonium carbamate(aq)', 'carbamate(aq)']"
ATP-beta-S(aq),nan,[]
ADP-beta-S(aq),nan,[]
4-phospho-L-aspartate(aq),kegg:C03082,"['L-4-aspartyl phosphate(aq)', '4-phospho-L-aspartate(aq)']"
phosphoguanidinoacetate(aq),kegg:C03166,[]
creatine(aq),kegg:C00300,[]
phosphocreatine(aq),kegg:C02305,[]
cyclocreatine(aq),nan,[]
phosphocyclocreatine(aq),nan,[]
"adenosine 5'-(alpha, beta-methylene)triphosphate(aq)",nan,[]
"adenosine 5'-(alpha, beta-methylene)diphosphate(aq)",nan,[]
N-w-phospho-L-arginine(aq),kegg:C05945,"['N-w-phospho-L-arginine(aq)', 'Nomega-phospho-L-arginine(aq)']"
N-omega-phospho-L-arginine(aq),nan,[]
taurocyamine(aq),kegg:C01959,[]
N-w-phosphotaurocyamine(aq),kegg:C03149,"['N-w-phosphotaurocyamine(aq)', 'phosphotaurocyamine(aq)']"
lombricine(aq),kegg:C14177,[]
N-w-phospholombricine(aq),kegg:C14178,[]
(R)-5-phosphomevalonate(aq),kegg:C01107,[]
(R)-5-diphosphomevalonate(aq),kegg:C01143,[]
ATP-alpha-S(aq),nan,[]
ADP-alpha-S(aq),nan,[]
ATP-gemma-S(aq),nan,[]
ADP-gamma-S(aq),nan,[]
ADP-N1-oxide(aq),nan,[]
ATP-N1-oxide(aq),nan,[]
dADP(aq),2 kegg:C00206,[]
dAMP(aq),kegg:C00360,"['dAMP(aq)', ""2'-deoxyadenosine 5'-monophosphate(aq)""]"
dATP(aq),kegg:C00131,[]
adenosine 5'-tetraphosphate(aq),kegg:C03483,[]
UTP(aq),kegg:C00075,[]
UMP(aq),kegg:C00105,[]
inosine 5'-diphosphate(aq),kegg:C00104,"[""inosine 5'-diphosphate(aq)"", 'IDP(aq)']"
inosine 5'-triphosphate(aq),kegg:C00081,"[""inosine 5'-triphosphate(aq)"", 'ITP(aq)']"
GDP(aq),kegg:C00035,[]
GTP(aq),kegg:C00044,[]
dGMP(aq),kegg:C00362,[]
dGDP(aq),kegg:C00361,[]
dTDP(aq),kegg:C00363,[]
CMP(aq),kegg:C00055,[]
CDP(aq),kegg:C00112,[]
dCMP(aq),kegg:C00239,[]
dCDP(aq),kegg:C00705,[]
ATP,kegg:C00002,"['ATP(aq)', 'ATP', 'ATP-4-(aq)']"
beta-Nicotinamide mononucleotide,kegg:C00455,"['beta-Nicotinamide mononucleotide', '-nicotinamide mononucleotide(aq)']"
pyrophosphate,kegg:C00013,"['pyrophosphate(aq)', 'pyrophosphate', 'diphosphate(aq)', 'diphosphate']"
beta-Nicotinamide mononucleotide(aq),nan,[]
sulfate(aq),kegg:C00059,[]
adenosine 5'-phosphosulfate(aq),kegg:C00224,"[""adenosine 5'-phosphosulfate(aq)"", 'adenylyl sulfate(aq)', 'adenylylsulfate(aq)']"
dTTP(aq),kegg:C00459,[]
9/20-DNA-oligomer(aq),nan,[]
10/20-DNA-oligomer(aq),nan,[]
UDPgalactose(aq),kegg:C00052,[]
-D-galactose 1-phosphate(aq),kegg:C03384,"['D-galactose 1-phosphate(aq)', '-D-galactose 1-phosphate(aq)']"
D-mannose 1-phosphate(aq),kegg:C00636,[]
GDPmannose(aq),kegg:C00096,[]
CTP(aq),kegg:C00063,[]
O-phosphorylethanolamine(aq),kegg:C00346,[]
CDPethanolamine(aq),kegg:C00570,[]
phosphorylcholine(aq),kegg:C00588,[]
CDPcholine(aq),kegg:C00307,[]
N-acetyl--D-glucosamine 1-phosphate(aq),kegg:C04256,"['N-acetyl--D-glucosamine 1-phosphate(aq)', 'N-acetyl-D-glucosamine 1-phosphate(aq)']"
UDP-N-acetyl-D-glucosamine(aq),kegg:C00043,[]
dTDPglucose(aq),kegg:C00842,[]
CDPglucose(aq),kegg:C00501,[]
GDPglucose(aq),kegg:C00394,[]
[L-glutamate:ammonia ligase(ADP-forming)](aq),kegg:C01281,[]
adenylyl-[L-glutamate:ammonia ligase(ADP-forming)](aq),kegg:C01299,[]
1-phospho--D-glucuronate(aq),kegg:C05385,[]
UDP-D-glucuronate(aq),kegg:C00167,[]
succinyl-CoA(aq),kegg:C00091,[]
acetoacetate(aq),kegg:C00164,"['3-oxobutanoate(aq)', 'acetoacetate(aq)']"
n-decanoic acid glycerol qiester(sln),nan,[]
H2O(sln),nan,[]
n-decanoic acid(sln),nan,[]
n-decanoic acid glycerol monoester(sln),nan,[]
glycerol(sln),nan,[]
n-decanoic acid glycerol triester(sln),nan,[]
n-decanoic acid glycerol diester(sln),nan,[]
n-octanoic acid glycerol diester(sln),nan,[]
n-octanoic add(sln),nan,[]
n-octanoic acid glycerol monoester(sln)n-octanoic acid glycerol monoester(sln),nan,[]
n-octanoic acid glycerol monoester(sln),nan,[]
n-octanoic acid(sln),nan,[]
acetylcholine(aq),kegg:C01996,"['O-acetylcholine(aq)', 'acetylcholine(aq)']"
retinyl palmitate(aq),kegg:C02588,[]
retinol(aq),kegg:C00473,"['vitamin A alcohol(aq)', 'retinol(aq)']"
palmitate(aq),kegg:C00249,"['palmitate(aq)', 'palmitic acid(aq)']"
acetyl phosphate-2-(aq),kegg:C00227,"['acetyl phosphate(aq)', 'acetyl phosphate-2-(aq)']"
acetate-(aq),kegg:C00033,"['acetate(aq)', 'acetate-(aq)']"
HPO4-2-(aq),kegg:C00009,"['orthophosphate(aq)', 'orthophospate(aq)', 'HPO4-2-(aq)', 'phosphate(aq)']"
ADP-3-(aq),kegg:C00008,"['ADP(aq)', 'ADP-3-(aq)']"
AMP-2--(aq),kegg:C00020,"['AMP(aq)', 'AMP-2--(aq)', 'AMP']"
D-fructose 1-phosphate(aq),kegg:C01094,[]
D-galactose 6-phosphate(aq),kegg:C01113,[]
4-nitrophenyl phosphate(aq),kegg:C03360,[]
4-nitrophenol(aq),kegg:C00870,[]
phenyl phosphate(aq),kegg:C02734,[]
phenol(aq),kegg:C00146,[]
(R)-3-phosphoglycerate(aq),kegg:C00197,"['3-phospho-D-glycerate(aq)', '(R)-3-phosphoglycerate(aq)']"
phosphoenolpyruvate3-(aq),kegg:C00074,"['phosphoenolpyruvate(aq)', 'phosphoenolpyruvate3-(aq)']"
pyruvate-(aq),kegg:C00022,"['pyruvate(aq)', 'pyruvate', 'pyruvate-(aq)']"
L-O-phosphoserine(aq),kegg:C01005,"['O-phospho-L-serine(aq)', 'L-O-phosphoserine(aq)']"
phosphotaurocyamine(aq),kegg:C03149,"['N-w-phosphotaurocyamine(aq)', 'phosphotaurocyamine(aq)']"
D-ribose(aq),kegg:C00121,[]
L-alpha-glycerophosphate(aq),nan,[]
adenosine 3':5'-(cyclic)phosphate(aq),kegg:C00575,[]
2'-deoxyadenosine 3':5'-(cyclic)phosphate(aq),kegg:C00968,[]
2'-deoxyadenosine 5'-monophosphate(aq),kegg:C00360,"['dAMP(aq)', ""2'-deoxyadenosine 5'-monophosphate(aq)""]"
guanosine 3':5'-(cyclic)phosphate(aq),kegg:C00942,"[""guanosine 3':5'-(cyclic)phosphate(aq)"", ""guanosine 3 ',5 '-cyclic phosphate(aq)""]"
inosine 3':5'-(cyclic)phosphate(aq),kegg:C00943,[]
uridine 3':5'-(cyclic)phosphate(aq),nan,[]
adenosine 3'-monophosphate(aq),kegg:C01367,[]
maltotetraose(aq),kegg:C02052,[]
isomaltose(aq),kegg:C00252,"['isomaltose(aq)', '-isomaltose(aq)']"
isomaltotriose(aq),kegg:C02160,[]
maltohexaose(aq),kegg:C01936,[]
maltotriose(aq),kegg:C01835,[]
panose(aq),kegg:C00713,[]
palatinose(aq),kegg:C01742,[]
D-turanose(aq),kegg:C19636,[]
-gentiobiose(aq),kegg:C08240,[]
-D-melibiose(aq),kegg:C05402,[]
lactulose(aq),kegg:C07064,[]
ADPribose(aq),kegg:C01882,[]
L-asparagine(aq),kegg:C00152,[]
γ-glutamohydroxamic acid(aq),nan,[]
hydroxylamine(aq),nan,[]
carbamate(aq),kegg:C01563,"['ammonium carbamate(aq)', 'carbamate(aq)']"
urea(aq),kegg:C00086,[]
cephalothin(aq),kegg:C07761,[]
2-thienylacetic acid(aq),kegg:C02595,[]
7-aminocephalosporanic acid(aq),kegg:C07756,[]
penicillin G(aq),kegg:C05551,"['penicillin G(aq)', 'penicillin G-(aq)']"
6-aminopenicillanic acid(aq),kegg:C02954,"['6-aminopenicillanic acid(aq)', '6-aminopenicillanic acid-(aq)', '6-aminopenicillanate-(aq)']"
phenylacetic acid(aq),kegg:C07086,[]
penicillin G-(aq),kegg:C05551,"['penicillin G(aq)', 'penicillin G-(aq)']"
6-aminopenicillanic acid-(aq),kegg:C02954,"['6-aminopenicillanic acid(aq)', '6-aminopenicillanic acid-(aq)', '6-aminopenicillanate-(aq)']"
phenoxymethylpenicillin-(aq),kegg:C08126,[]
6-aminopenicillanate-(aq),kegg:C02954,"['6-aminopenicillanic acid(aq)', '6-aminopenicillanic acid-(aq)', '6-aminopenicillanate-(aq)']"
phenoxyacetate(aq),kegg:C02181,[]
phenylacetylglycine(aq),kegg:C05598,[]
N-acetyl-L-methionine(aq),kegg:C02712,[]
pantothenate,kegg:C00864,[]
H2O,kegg:C00001,"['H2O(l)', 'H2O', 'H2o(l)']"
pantoic acid,kegg:C00522,"['pantoic acid', '(R)-pantoate(aq)']"
N-carbamoyl-L-aspartate(aq),kegg:C00438,[]
L-5-carboxymethylhydantoin(aq),kegg:C03703,[]
ampicillin(aq),nan,[]
ampicillinoic acid(aq),nan,[]
penicillinoic acid(aq),kegg:C06567,[]
phenoxymethylpenicillin(aq),nan,[]
phenoxymethylpenicillinoic acid(aq),nan,[]
allantoate(aq),kegg:C00499,[]
(-)-ureidoglycolate(aq),kegg:C00603,[]
cytidine(aq),kegg:C00475,[]
10-formyltetrahydrofolate(aq),kegg:C00234,"['10-formyltetrahydrofolate(aq)', '10-Formyltetrahydrofolate']"
adenylyl sulfate(aq),kegg:C00224,"[""adenosine 5'-phosphosulfate(aq)"", 'adenylyl sulfate(aq)', 'adenylylsulfate(aq)']"
trimetaphosphate(aq),kegg:C02466,[]
triphosphate(aq),kegg:C00536,[]
-nicotinamide mononucleotide(aq),kegg:C00455,"['beta-Nicotinamide mononucleotide', '-nicotinamide mononucleotide(aq)']"
ATP-4-(aq),kegg:C00002,"['ATP(aq)', 'ATP', 'ATP-4-(aq)']"
ITP(aq),kegg:C00081,"[""inosine 5'-triphosphate(aq)"", 'ITP(aq)']"
IDP(aq),kegg:C00104,"[""inosine 5'-diphosphate(aq)"", 'IDP(aq)']"
diphosphate(aq),kegg:C00013,"['pyrophosphate(aq)', 'pyrophosphate', 'diphosphate(aq)', 'diphosphate']"
phosphate(aq),kegg:C00009,"['orthophosphate(aq)', 'orthophospate(aq)', 'HPO4-2-(aq)', 'phosphate(aq)']"
"D-ribulose 1,5-biphosphate(aq)",kegg:C01182,"['D-ribulose 1,5-biphosphate(aq)', 'D-ribulose 1,5-bisphosphate(aq)']"
erythrulose 1-phosphate(aq),kegg:C03394,[]
glycerone phosphate(aq),kegg:C00111,"['dihydroxyacetone phosphate(aq)', 'glycerone phosphate(aq)']"
2-deoxy-D-ribose 5-phosphate(aq),kegg:C00673,[]
"5,6-dideoxyfructose 1-phosphate(aq)",nan,[]
propionaldehyde(aq),nan,[]
methylerythrulose 1-phosphate(aq),nan,[]
glycerone phosphate (aq),nan,[]
6-phospho-2-dehydro-3-deoxy-D-gluconate(aq),kegg:C04442,[]
L-fuculose 1-phosphate(aq),kegg:C01099,[]
(S)-lactaldehyde(aq),kegg:C00424,"['L-lactaldehyde(aq)', '(S)-lactaldehyde(aq)']"
2-dehydro-3-deoxy-D-fuconate(aq),kegg:C06159,[]
2-dehydro-3-deoxy-L-pentonate(aq),kegg:C00684,[]
L-rhamnulose 1-phosphate(aq),kegg:C01131,[]
2-dehydro-3-deoxy-D-galactonate 6-phosphate(aq),kegg:C01286,[]
D-arabino-3-hexulose 6-phosphate(aq),kegg:C06019,"['D-arabino-3-hexulose 6-phosphate(aq)', 'D-arabino-Hex-3-ulose 6-phosphate']"
N-acetylneuraminate(aq),kegg:C00270,[]
N-acetyl-D-mannosamine(aq),kegg:C00645,[]
4-hydroxy-2-oxoglutarate(aq),kegg:C01127,[]
(S)-2-methylmalate(aq),kegg:C02614,[]
"(R,S)-malyl-CoA(aq)",kegg:C04348,[]
"2,3-dimethylmalate(aq)",kegg:C03652,"['2,3-dimethylmalate(aq)', '(2R,3S)-2,3-dimethylmalate(aq)']"
propanoate(aq),kegg:C00163,[]
L-tryptophan(aq),kegg:C00078,[]
indole(aq),kegg:C00463,[]
cis-aconitate(aq),kegg:C00417,[]
3-dehydroquinate(aq),kegg:C00944,"['5-dehydroquinate(aq)', '3-dehydroquinate(aq)']"
2-phospho-D-glycerate(aq),kegg:C00631,[]
(3R)-3-hydroxybutanoyl-CoA(aq),kegg:C03561,[]
cis-but-2-enoyl-CoA(aq),kegg:C00877,"['cis-but-2-enoyl-CoA(aq)', 'trans-but-2-enoyl-CoA(aq)', 'trans-but-2-enoyl-coenzyme A']"
(3S)-3-hydroxybutanoyl-CoA(aq),kegg:C01144,"['(S)-3-hydroxybutanoyl-CoA(aq)', '(3S)-3-hydroxybutanoyl-CoA(aq)', 'DL-3-hydroxybutanoyl-CoA(aq)', '(3S)-hydroxybutanoyl-coenzyme A(aq)']"
trans-but-2-enoyl-CoA(aq),kegg:C00877,"['cis-but-2-enoyl-CoA(aq)', 'trans-but-2-enoyl-CoA(aq)', 'trans-but-2-enoyl-coenzyme A']"
(3R)-3-hydroxyhexanoyl-CoA(aq),nan,[]
cis-hex-2-enoyl-CoA(aq),nan,[]
(3S)-3-hydroxyhexanoyl-CoA(aq),kegg:C05268,"['(S)-3-hydroxyhexanoyl-CoA(aq)', '(3S)-3-hydroxyhexanoyl-CoA(aq)']"
trans-hex-2-enoyl-CoA(aq),kegg:C05271,[]
1-(indol-3-yl)glycerol 3-phosphate(aq),kegg:C03506,[]
(R)-malate(aq),kegg:C00497,[]
maleate(aq),kegg:C01384,[]
2-methylfumarate(aq),kegg:C01732,[]
(R)-2-methylmalate(aq),kegg:C02612,[]
2-methylmaleate(aq),kegg:C02226,[]
gamma-fluoroglutamate(aq),nan,[]
cis-D-4-fluoro-5-oxopyrrolidine-2-carboxylate(aq),nan,[]
trans-D-4-fluoro-5-oxopyrrolidine-2-carboxylate(aq),nan,[]
5-oxo-D-proline(aq),kegg:C02237,[]
urocanate(aq),kegg:C00785,[]
"4,5-dihydro-4-oxo-5-imidazolepropanoate(aq)",kegg:C03680,[]
cis-but-2-enoyl-[acyl-carrier protein](aq),kegg:C04246,[]
"(2R,3S)-2,3-dimethylmalate(aq)",kegg:C03652,"['2,3-dimethylmalate(aq)', '(2R,3S)-2,3-dimethylmalate(aq)']"
dimethylmaleate(aq),kegg:C00922,[]
DL-3-hydroxybutanoyl-CoA(aq),kegg:C01144,"['(S)-3-hydroxybutanoyl-CoA(aq)', '(3S)-3-hydroxybutanoyl-CoA(aq)', 'DL-3-hydroxybutanoyl-CoA(aq)', '(3S)-hydroxybutanoyl-coenzyme A(aq)']"
L-threo-3-methylaspartate(aq),kegg:C03618,[]
L-histidine(aq),kegg:C00135,[]
L-phenylalanine(aq),kegg:C00079,[]
trans-cinnamate(aq),kegg:C00423,[]
beta-alanylpantetheine(aq),nan,[]
acrylylpantetheine(aq),nan,[]
N-(L-argino)succinate(aq),kegg:C03406,"['N-(L-argino)succinate(aq)', 'L-arginosuccinate(aq)']"
adenylosuccinate(aq),kegg:C03794,[]
1-(5'-Phosphoribosyl)-5-amino-4-(N-succinocarboxamide)-imidazole,kegg:C04823,[]
Fumarate,kegg:C00122,"['fumarate(aq)', 'Fumarate']"
1-(5'-Phosphoribosyl)-5-amino-4-imidazolecarboxamide,kegg:C04677,[]
(R)-S-lactoylglutathione(aq),kegg:C03451,[]
glutathione (reduced)(aq),kegg:C00051,[]
methylglyoxal(aq),kegg:C00546,[]
L-lysine(aq),kegg:C00047,[]
D-lysine(aq),kegg:C00739,[]
"L,L-2,6-diaminoheptanedioate(aq)",kegg:C00666,[]
meso-diaminoheptanedioate(aq),kegg:C00680,[]
trans-4-hydroxy-L-proline(aq),kegg:C01157,[]
cis-4-hydroxy-D-proline(aq),kegg:C03440,[]
D-leucine(aq),kegg:C01570,[]
L-alpha-amino-n-butyrate(aq),nan,[]
D-alpha-amino-n-butyrate(aq),nan,[]
UDP-D-quinovose(aq),nan,[]
UDP-D-fucose(aq),nan,[]
L-ribulose 5-phosphate(aq),kegg:C01101,[]
UDP-L-arabinose(aq),kegg:C00935,[]
UDP-D-xylose(aq),kegg:C00190,[]
UDP-D-galacturonate(aq),kegg:C00617,[]
N-acetyl-D-glucosamine(aq),kegg:C00140,[]
N-acetyl-D-glucosamine 6-phosphate(aq),kegg:C00357,[]
N-acetyl-D-mannosamine 6-phosphate(aq),kegg:C04257,[]
"CDP-3,6-dideoxy-D-glucose(aq)",kegg:C03598,[]
"CDP-3,6-dideoxy-D-mannose(aq)",kegg:C03599,[]
alpha-D-Glucose 6-phosphate(aq),kegg:C00668,[]
beta-D-Glucose 6-phosphate(aq),kegg:C01172,[]
GDP-L-galactose(aq),kegg:C02280,[]
(R)-methylmalonyl-CoA(aq),kegg:C01213,[]
(S)-methylmalonyl-CoA(aq),kegg:C00683,[]
all-trans-retinal(aq),kegg:C00376,"['vitamin A aldehyde(aq)', 'all-trans-retinal(aq)']"
11-cis-retinal(aq),kegg:C02110,[]
"9-cis,12-cis-octadecadienoate(aq)",kegg:C01595,[]
"9-cis,11-trans-octadecadienoate(aq)",kegg:C04056,[]
D-erythrose(aq),kegg:C01796,[]
D-erythrulose(aq),kegg:C02022,[]
D-arabinose(aq),kegg:C00216,[]
L-fucose(aq),kegg:C01019,[]
L-fuculose(aq),kegg:C01721,[]
L-arabinose(aq),kegg:C00259,[]
L-ribulose(aq),kegg:C00508,[]
-D-allose(aq),kegg:C01487,[]
D-altrose(aq),kegg:C06464,[]
D-lyxose(aq),kegg:C00476,[]
D-rhamnose(aq),nan,[]
D-rhamnulose(aq),nan,[]
6-amino-D-fructose 6-phosphate(aq),nan,[]
D-glucosamine 6-phosphate(aq),kegg:C00352,[]
D-galacturonate(aq),kegg:C00333,[]
D-tagaturonate(aq),kegg:C00558,[]
D-glucuronate(aq),kegg:C00191,[]
D-fructuronate(aq),kegg:C00905,[]
D-arabinose 5-phosphate(aq),kegg:C01112,[]
L-rhamnose(aq),kegg:C00507,[]
L-rhamnulose(aq),kegg:C00861,[]
L-mannose(aq),nan,[]
L-fructose(aq),nan,[]
keto-phenylpyruvate(aq),kegg:C00166,"['keto-phenylpyruvate(aq)', 'phenylpyruvate(aq)']"
enol-phenylpyruvate(aq),kegg:C02763,[]
keto-oxaloacetate(aq),kegg:C00036,"['oxaloacetate(aq)', 'keto-oxaloacetate(aq)']"
enol-oxaloacetate(aq),kegg:C03981,[]
isopentenyl diphosphate(aq),kegg:C00129,[]
dimethylallyl diphosphate(aq),kegg:C00235,[]
methylitaconate(aq),kegg:C02295,[]
D-glucosamine 1-phosphate(aq),kegg:C06156,[]
"D-glucose 1,6-diphosphate(aq)",kegg:C01231,[]
-D-glucose 6-phosphate(aq),kegg:C00092,"['D-glucose 6-phosphate(aq)', 'D-glucose 6-phosphate', '-D-glucose 6-phosphate(aq)']"
6-thioglucose 6-phosphate(aq),nan,[]
6-thioglucose I-phosphate(aq),nan,[]
N-acetyl-D-glucosamine 1-phosphate(aq),kegg:C04256,"['N-acetyl--D-glucosamine 1-phosphate(aq)', 'N-acetyl-D-glucosamine 1-phosphate(aq)']"
"(3S)-3,6-diaminohexanoate(aq)",kegg:C01142,[]
D-ornithine(aq),kegg:C00515,[]
"D-threo-2,4-diaminopentanoate(aq)",kegg:C03943,"['2,4-diaminopentanoate(aq)', 'D-threo-2,4-diaminopentanoate(aq)']"
2-methyleneglutarate(aq),kegg:C02930,[]
"2,5-dihydro-5-oxofuran-2-acetate(aq)",kegg:C04105,[]
cis-cis-hexadienedioate(aq),kegg:C02480,[]
tetrahydroxypteridine(aq),kegg:C03178,[]
xanthine-8-carboxylate(aq),kegg:C03314,[]
L-valine,kegg:C00183,"['L-valine', 'L-valine(aq)']"
tRNA(Val),kegg:C01653,[]
AMP,kegg:C00020,"['AMP(aq)', 'AMP-2--(aq)', 'AMP']"
diphosphate,kegg:C00013,"['pyrophosphate(aq)', 'pyrophosphate', 'diphosphate(aq)', 'diphosphate']"
L-Valyl-tRNA(Val),kegg:C02554,[]
propanonyl-CoA(aq),kegg:C00100,"['propanoyl-CoA(aq)', 'propionyl-CoA(aq)', 'propanonyl-CoA(aq)']"
L-arginosuccinate(aq),kegg:C03406,"['N-(L-argino)succinate(aq)', 'L-arginosuccinate(aq)']"
D-arabitol(aq),kegg:C01904,[]
D-carnitine(aq),kegg:C15025,[]
prostaglandin E2(aq),kegg:C00584,[]
15-oxo-prostaglandin E2(aq),kegg:C04707,[]
H2O2(aq),kegg:C00027,"['H2O2(aq)', 'H2O2']"
beta-D-glucose(aq),nan,[]
1/2 O2(aq),0.5 kegg:C00007,[]
cholesterol(aq),kegg:C00187,[]
cholest-4-en-3-one(aq),kegg:C00599,[]
prephenate(aq),kegg:C00254,[]
4-hydroxyphenylpyruvate(aq),kegg:C01179,[]
oxonic acid(aq),nan,[]
dihydroxonic acid(aq),nan,[]
lipoate(aq),kegg:C00725,"['-lipoate(aq)', 'lipoate(aq)']"
S-aminomethyldihydro--lipoate(aq),metanetx.chemical:MNXM39260,[]
urate(aq),kegg:C00366,[]
allantoin(aq),kegg:C01551,[]
H2O2,kegg:C00027,"['H2O2(aq)', 'H2O2']"
reduced thiocyanate,nan,[]
oxidized thiocyanate,nan,[]
dodecanal(aq),kegg:C02278,[]
FMN(reduced),kegg:C01847,[]
dodecanoic acid(aq),kegg:C02679,[]
FMN(oxidized),kegg:C00061,[]
(+)-camphor(aq),kegg:C00808,[]
(+)-5-exo-hydroxycamphor(aq),kegg:C03448,[]
CH2-H4PteGlu4(aq),kegg:C04377,[]
H4PteGlu4(aq),kegg:C01217,[]
O-acetyl-L-serine(aq),kegg:C00979,[]
phenylpyruvate(aq),kegg:C00166,"['keto-phenylpyruvate(aq)', 'phenylpyruvate(aq)']"
L-tyrosine(aq),kegg:C00082,[]
4-methyl-2-oxopentanooate(aq),kegg:C00233,"['4-methyl-2-oxopentanoate(aq)', '4-methyl-2-oxopentanooate(aq)', '2-oxoisocaproate(aq)']"
3-aminopropionaldehyde(aq),kegg:C05665,[]
"1,3-diaminopropane(aq)",kegg:C00986,[]
-isomaltose(aq),kegg:C00252,"['isomaltose(aq)', '-isomaltose(aq)']"
amoxicillin(aq),kegg:C06827,[]
D-4-hydroxyphenylglycine(aq),kegg:C03493,"['D-4-hydroxyphenylglycine(aq)', 'D-(4-hydroxyphenyl)glycine(aq)']"
N-glycolylneuraminate(aq),kegg:C03410,[]
N-glycolyl-D-mannosamine(aq),kegg:C03521,[]
chorismate(aq),kegg:C00251,[]
4-hydroxybenzoate(aq),kegg:C00156,[]
"cyclohexa-1,5-diene-1-carboxyl-CoA(aq)",kegg:C06322,[]
6-hydroxycyclohex-1-ene-carboxyl-CoA(aq),kegg:C06749,[]
indol-3-yl-glycerol-3-phosphate(aq),nan,[]
H2o(l),kegg:C00001,"['H2O(l)', 'H2O', 'H2o(l)']"
4-amino-4-deoxychorismate(aq),kegg:C11355,[]
isochorismate(aq),kegg:C00885,[]
2-amino-2-deoxyisochorismate(aq),kegg:C18054,[]
2-benzyl-1-cyclohexanone(sln),nan,[]
2-propanol(sln),nan,[]
(±)-cis-2-benzyl-1-cyclohexanol(sln),nan,[]
acetone(sln),nan,[]
(±)-trans-2-benzyl-1-cyclohexanol(sln),nan,[]
2-butanone(sln),nan,[]
(±)-2-butanol(sln),nan,[]
cyclobutanone(sln),nan,[]
cyclobutanol(sln),nan,[]
cycloheptanone(sln),nan,[]
cycloheptanol(sln),nan,[]
cyclohexanone(sln),nan,[]
cyclohexanol(sln),nan,[]
cyclooctanone(sln),nan,[]
cyclooctanol(sln),nan,[]
cyclopentanone(sln),nan,[]
cyclopentanol(sln),nan,[]
2-heptanone(sln),nan,[]
(S)-2-heptanol(sln),nan,[]
2-hexanone(sln),nan,[]
(±)-2-hexanol(sln),nan,[]
2-methyl-1-cyclohexanone(sln),nan,[]
(±)-cis-2-methyl-1-cyclohexanol(sln),nan,[]
(±)-trans-2-methyl-1-cyclohexanol(sln),nan,[]
2-octanone(sln),nan,[]
(S)-(+)-2-octanol(sln),nan,[]
2-pentanone(sln),nan,[]
(±)-2-pentanol(sln),nan,[]
2-phenyl-1-cyclohexanone(sln),nan,[]
(±)-cis-2-phenyl-1-cyclohexanol(sln),nan,[]
(±)-trans-2-phenyl-1-cyclohexanol(sln),nan,[]
1-phenyl-1-ethanone(sln),nan,[]
(±)-cis-2-phenyl-1-ethanol(sln),nan,[]
1-phenyl-1-heptanone(sln),nan,[]
(±)-cis-2-phenyl-1-heptanol(sln),nan,[]
1-phenyl-1-hexanone(sln),nan,[]
(±)-cis-2-phenyl-1-hexanol(sln),nan,[]
1-phenyl-1-pentanone(sln),nan,[]
(±)-cis-2-phenyl-1-pentanol(sln),nan,[]
1-phenyl-1-propanone(sln),nan,[]
(±)-cis-2-phenyl-1-propanol(sln),nan,[]
NADP(ox)(aq),kegg:C00006,"['NADP(aq)', 'NADP(ox)(aq)', 'NADP(ox)']"
NADP(red)(aq),kegg:C00005,"['NADPH(aq)', 'NADP(red)(aq)']"
D-mannitol-1-phosphate(aq),kegg:C00644,"['D-mannitol 1-phosphate(aq)', 'D-mannitol-1-phosphate(aq)']"
NAD(ox)(aq),kegg:C00003,"['NAD(aq)', 'NAD', 'NAD(ox)(aq)', 'NAD(ox)', 'NAD+(aq)']"
NAD(red)(aq),kegg:C00004,"['NADH(aq)', 'NAD(red)(aq)', 'NAD(red)']"
D-2-hydroxy-n-butanoate(aq),kegg:C05984,"['2-hydroxybutanoate(aq)', 'D-2-hydroxy-n-butanoate(aq)']"
"(2R,3R)-erythro-fluoromalate(aq)",nan,[]
(3R)-fluorooxaloacetate(aq),nan,[]
3-acetylpyridine adenine dinucleotide(ox)(aq),nan,[]
3-acetylpyridine adenine dinucleotide(red)(aq),nan,[]
pyridoxine(aq),kegg:C00314,[]
"(1R,2S)-1-hydroxybutane-1,2,4-tricarboxylate(aq)",kegg:C05662,[]
NAD(ox),kegg:C00003,"['NAD(aq)', 'NAD', 'NAD(ox)(aq)', 'NAD(ox)', 'NAD+(aq)']"
NAD(red),kegg:C00004,"['NADH(aq)', 'NAD(red)(aq)', 'NAD(red)']"
dTDP-6-deoxy-L-lyxo-4-hexulose(aq),nan,[]
dTDP-L-rhamnose(aq),nan,[]
dTDP-6-deoxy-D-lyxo-4-hexulose(aq),nan,[]
(R)-pantoate(aq),kegg:C00522,"['pantoic acid', '(R)-pantoate(aq)']"
NADP(ox),kegg:C00006,"['NADP(aq)', 'NADP(ox)(aq)', 'NADP(ox)']"
2-dehydropantoate(aq),kegg:C00966,[]
2-keto-L-gulonate(aq),kegg:C15673,[]
"2,5-diketo-D-gluconate(aq)",kegg:C02780,[]
4-dimethylaminomethylbenzylamine(aq),nan,[]
4-dimethylaminomethylbenzaldehyde(aq),nan,[]
"N6-(L-1,3-dicarboxypropyl)-L-lysine",kegg:C00449,[]
glutathoine(red)(aq),2 kegg:C00051,"['reduced glutathione(aq)', 'glutathoine(red)(aq)']"
glutathoine(ox)(aq),kegg:C00127,"['oxidized glutathione(aq)', 'glutathoine(ox)(aq)']"
glutathione(red)(ox),nan,[]
glutathione(ox)(aq),nan,[]
O2-,2 kegg:C00704,[]
O2,kegg:C00007,"['O2(aq)', 'O2']"
methyl viologen(red)(aq),nan,[]
methyl viologen(ox)(aq),nan,[]
H2(g),nan,[]
(R)-3-hydroxytetradecanoyl-[acyl-carrier-protein](aq),kegg:C04688,[]
acyl-carrier-protein(aq),kegg:C03688,[]
UDP-3-O-(3-hydroxytetradecanoyl)-N-acetyl-D-glucosamine(aq),kegg:C04738,[]
corrinoid protein(aq),kegg:C06021,[]
carbon monoxide(aq),kegg:C00237,[]
methylcorrinoid protein(aq),kegg:C06020,[]
'-deoxyinosine(aq),kegg:C05512,"[""2'-deoxyinosine(aq)"", ""'-deoxyinosine(aq)""]"
orotidine 5 '-phosphate(aq),kegg:C01103,"[""orotidine 5'-phosphate(aq)"", ""orotidine 5 '-phosphate(aq)""]"
Nicotinate D-ribonucleotide(aq),kegg:C01185,[]
nicotinic acid(aq),kegg:C00253,[]
5-Phospho-alpha-D-ribose 1-diphosphate(aq),kegg:C00119,"['5-phospho--D-ribose 1-diphosphate(aq)', '5-Phospho-alpha-D-ribose 1-diphosphate(aq)']"
'-methylthioadenosine(aq),kegg:C00170,[]
5-methylthio-D-ribose 1-phosphate(aq),kegg:C04188,[]
(2-aminoethyl)phosphonate(aq),kegg:C03557,[]
2-phosphonoacetaldehyde(aq),kegg:C03167,[]
2-oxoisocaproate(aq),kegg:C00233,"['4-methyl-2-oxopentanoate(aq)', '4-methyl-2-oxopentanooate(aq)', '2-oxoisocaproate(aq)']"
L-tert-leucine(aq),nan,[]
"3,3-dimethyl-2-oxobutanoate(aq)",nan,[]
L-valine(aq),kegg:C00183,"['L-valine', 'L-valine(aq)']"
2-oxovalerate(aq),kegg:C06255,[]
serpeptide(aq),nan,[]
phosphorylated serpeptide(aq),nan,[]
syntide 2(aq),nan,[]
phosphosyntide(aq),nan,[]
myosin light chain(aq),kegg:C01003,[]
myosin light chain phosphate(aq),kegg:C03875,[]
2-aminobenzoic acid(aq) ,nan,[]
2-aminobenzoic acid adenylate(aq),nan,[]
3-aminobenzoic acid(aq) ,nan,[]
3-aminobenzoic acid adenylate(aq),nan,[]
4-aminobenzoic acid(aq) ,nan,[]
4-aminobenzoic acid adenylate(aq),nan,[]
benzoic acid(aq) ,nan,[]
benzoic acid adenylate(aq),nan,[]
"2,3-dihydroxybenzoic acid(aq) ",nan,[]
"2,3-dihydroxybenzoic acid adenylate(aq)",nan,[]
3-hydroxyanthranilic acid(aq),nan,[]
3-hydroxyanthranilic acid adenylate(aq),nan,[]
3-hydroxybenzoic acid(aq),nan,[]
3-hydroxybenzoic acid adenylate(aq),nan,[]
4-hydroxybenzoic acid(aq),nan,[]
4-hydroxybenzoic acid adenylate(aq),nan,[]
3-hydroxy-4-methylbenzoic acid(aq),nan,[]
3-hydroxy-4-methylbenzoic acid adenylate(aq),nan,[]
3-methylbenzoic acid(aq),nan,[]
3-methylbenzoic acid adenylate(aq),nan,[]
4-methylbenzoic acid(aq),nan,[]
4-methylbenzoic acid adenylate(aq),nan,[]
Nomega-phospho-L-arginine(aq),kegg:C05945,"['N-w-phospho-L-arginine(aq)', 'Nomega-phospho-L-arginine(aq)']"
adenylylsulfate(aq),kegg:C00224,"[""adenosine 5'-phosphosulfate(aq)"", 'adenylyl sulfate(aq)', 'adenylylsulfate(aq)']"
deoxynucleoside triphosphate(aq),nan,[]
polyd-A-Tn(aq),nan,[]
polyd-A-Tn+1(aq),nan,[]
benzyl alcohol(sln),nan,[]
butyl acetate(sln),nan,[]
benzyl acetate(sln),nan,[]
1-butanol(sln),nan,[]
butyl decanoate(sln),nan,[]
1-decanoic acid(sln),nan,[]
"1,2-dioctanoyl glycerol(sln)",nan,[]
1-mono-octanoyl glycerol(sln),nan,[]
2-mono-octanoyl glycerol(sln),nan,[]
"1,3-dioctanoyl glycerol(sln)",nan,[]
dodecyl dodecanoate(sln),nan,[]
1-dodecanol(sln),nan,[]
1-dodecanoic acid(sln),nan,[]
D-glucose(sln),nan,[]
1-dodecanoyl D-glucose ester(sln),nan,[]
(-)-menthol(sln),nan,[]
(-)-menthyl dodecanoate(sln),nan,[]
oleic acid(sln),nan,[]
1-butyl oleate(sln),nan,[]
(R)-(+)-1-phenyl-1-butanol(sln),nan,[]
(R)-(+)-1-phenyl 1-butyl acetate(sln),nan,[]
(R)-(+)-1-phenyl ethanol(sln),nan,[]
(R)-(+)-1-phenyl ethyl acetate(sln),nan,[]
(R)-(+)-1-phenyl-1-propanol(sln),nan,[]
(R)-(+)-1-phenyl-1-propyl acetate(sln),nan,[]
"1,2,3-trioctanoyl glycerol(sln)",nan,[]
1-monooctanoyl glycerol(sln),nan,[]
cis-2-hydroxycyclopentanemethanol cyclic phosphate(aq),nan,[]
cis-2-hydroxycyclopentanemethanol-phosphate(aq),nan,[]
trans-2-hydroxycyclopentanemethanol cyclic phosphate(aq),nan,[]
trans-2-hydroxycyclopentanemethanol-phosphate(aq),nan,[]
"1R,2S-trans-2-hydroxytetrahydrofuranmethanol cyclic phosphate(aq)",nan,[]
"1R,2S-trans-2-hydroxytetrahydrofuranmethanol-phosphate(aq)",nan,[]
5-methoxytrimethylene phosphate(aq),nan,[]
2-methoxy-3-hydroxypropyl phosphate(aq),nan,[]
5-methyltrimethylene phosphate(aq),nan,[]
2-methyl-3-hydroxypropyl phosphate(aq),nan,[]
"guanosine 3 ',5 '-cyclic phosphate(aq)",kegg:C00942,"[""guanosine 3':5'-(cyclic)phosphate(aq)"", ""guanosine 3 ',5 '-cyclic phosphate(aq)""]"
guanosine 5 '-phosphate(aq),kegg:C00144,"['GMP(aq)', ""guanosine 5 '-phosphate(aq)""]"
4-nitrophenyl acetate(aq),nan,[]
succinylAla-Ala-Pro-Leu-4-nitrophenylanalide(aq),nan,[]
succinylAla-Ala-Pro-Leu(aq),nan,[]
4-nitrophenyl analide(aq),nan,[]
succinylAla-Ala-Pro-Phe-4-nitrophenylanalide(aq),nan,[]
succinylAla-Ala-Pro-Phe(aq),nan,[]
4-nitrophenylanalide(aq),nan,[]
D-(4-hydroxyphenyl)glycine(aq),kegg:C03493,"['D-4-hydroxyphenylglycine(aq)', 'D-(4-hydroxyphenyl)glycine(aq)']"
cefamandole(aq),nan,[]
7-amino-3-1-methyl-IIItetrazol-5-yl-thiomethyl-cephalosporanic acid(aq),nan,[]
D-mandelic acid(aq),nan,[]
2-acetamidohept-6-enoic acid(aq),nan,[]
2-aminohept-6-enoic acid(aq),nan,[]
N-acetyl-L-alanine(aq),nan,[]
N-acetyl-L-cysteine(aq),nan,[]
L-cysteine(aq),nan,[]
N-acetyl-L-norleucine(aq),nan,[]
L-norleucine(aq),nan,[]
N-acetyl-L-valine(aq),nan,[]
N-acetyl-L-phenylalanine(aq),kegg:C03519,[]
anandamide(aq),kegg:C11695,[]
ethanolamine(aq),kegg:C00189,[]
arachidonic acid(aq),kegg:C00219,[]
palmitoylethanolamide(aq),kegg:C16512,[]
palmitic acid(aq),kegg:C00249,"['palmitate(aq)', 'palmitic acid(aq)']"
"5,6-dihydrouracil(aq)",kegg:C00429,[]
3-ureidopropanoic acid(aq),kegg:C02642,[]
"((2R,3S,4R,5R)-5-(2-amino-5-formamido-6-oxo-3,6-dihydropyrimidin-4-ylamino)-3,4-dihydroxytetrahydrofuran-2-yl)methyl tetrahydrogen triphosphate(aq)",kegg:C05922,[]
benzonitrile(aq),kegg:C09814,[]
H2O(aq),2 kegg:C00001,[]
benzoic acid(aq),kegg:C00180,[]
benzyl cyanide(aq),kegg:C16074,[]
3-indoleacetonitrile(aq),kegg:C02938,[]
indole-3-acetic acid(aq),kegg:C00954,[]
"D-ribulose 1,5-bisphosphate(aq)",kegg:C01182,"['D-ribulose 1,5-biphosphate(aq)', 'D-ribulose 1,5-bisphosphate(aq)']"
2-dehydro-3-deoxy-D-arabino-heptonate 7-phosphate(aq),kegg:C04691,[]
2-oxo-3-deoxy-D-gluconate(aq),kegg:C00204,[]
anthranilate(aq),kegg:C00108,[]
(3S)-hydroxybutanoyl-coenzyme A(aq),kegg:C01144,"['(S)-3-hydroxybutanoyl-CoA(aq)', '(3S)-3-hydroxybutanoyl-CoA(aq)', 'DL-3-hydroxybutanoyl-CoA(aq)', '(3S)-hydroxybutanoyl-coenzyme A(aq)']"
trans-but-2-enoyl-coenzyme A,kegg:C00877,"['cis-but-2-enoyl-CoA(aq)', 'trans-but-2-enoyl-CoA(aq)', 'trans-but-2-enoyl-coenzyme A']"
4-(trimethylammonio)but-2-enoate(aq),kegg:C04114,[]
UDP-N-acetyl-D-galactosamine(aq),kegg:C00203,[]
D-threose(aq),kegg:C06463,[]
"(3,5)-cholesta-7,24-diene-3-ol(aq)",kegg:C05439,[]
"(3,5)-cholesta-8,24-diene-3-ol(aq)",kegg:C05437,[]
3-phosphonopyruvate(aq),kegg:C02798,[]
tRNA-Tyr(aq),kegg:C00787,[]
L-tyrosyl-tRNA-Tyr(aq),kegg:C02839,[]
tRNA-Thr(aq),kegg:C01651,[]
L-threonyl-tRNA-Thr(aq),kegg:C02992,[]
L-isoleusine(aq),kegg:C00407,[]
tRNA-Ile(aq),kegg:C01644,[]
L-isoleucyl-tRNA-Ile(aq),kegg:C03127,[]
tRNA-Lys(aq),kegg:C01646,[]
L-lysyl-tRNA-Lys(aq),kegg:C01931,[]
tRNA-Ser(aq),kegg:C01650,[]
L-seryl-tRNA-Ser(aq),kegg:C02553,[]
tRNA-Arg(aq),kegg:C01636,[]
L-arginyl-tRNA-Arg(aq),kegg:C02163,[]
tRNA-Phe(aq),kegg:C01648,[]
L-phenylalanyl-tRNA-Phe(aq),kegg:C03511,[]
tRNA-His(aq),kegg:C01643,[]
L-histidyl-tRNA-His(aq),kegg:C02988,[]
(deoxyribonucleotide)_n(aq),nan,[]
(deoxyribonucleotide)_m(aq),nan,[]
(deoxyribonucleotide)_m+n(aq),nan,[]
NAD+(aq),kegg:C00003,"['NAD(aq)', 'NAD', 'NAD(ox)(aq)', 'NAD(ox)', 'NAD+(aq)']"
THF(aq),kegg:C00101,"['5,6,7,8-tetrahydrofolate(aq)', 'tetrahydrofolate(aq)', 'THF(aq)', 'Tetrahydrofolate']"
"5,10-CH2-THF(aq)",kegg:C00143,"['5,10-methylenetetrahydrofolate(aq)', '5,10-CH2-THF(aq)']"
NH3(aq),kegg:C00014,"['ammonia(aq)', 'NH3(aq)']"
CO2(aq),kegg:C00288,"['carbon dioxide(aq)', 'CO2(aq)', 'CO2']"
Aminoimidazole ribotide,kegg:C03373,[]
CO2,kegg:C00288,"['carbon dioxide(aq)', 'CO2(aq)', 'CO2']"
1-(5-Phospho-D-ribosyl)-5-amino-4-imidazolecarboxylate,kegg:C04751,[]
10-Formyltetrahydrofolate,kegg:C00234,"['10-formyltetrahydrofolate(aq)', '10-Formyltetrahydrofolate']"
Tetrahydrofolate,kegg:C00101,"['5,6,7,8-tetrahydrofolate(aq)', 'tetrahydrofolate(aq)', 'THF(aq)', 'Tetrahydrofolate']"
1-(5'-Phosphoribosyl)-5-formamido-4-imidazolecarboxamide,kegg:C04734,[]
D-Ribulose 5-phosphate,kegg:C00199,"['D-ribulose 5-phosphate(aq)', 'D-Ribulose 5-phosphate']"
Formaldehyde,kegg:C00067,"['formaldehyde(aq)', 'Formaldehyde']"
D-arabino-Hex-3-ulose 6-phosphate,kegg:C06019,"['D-arabino-3-hexulose 6-phosphate(aq)', 'D-arabino-Hex-3-ulose 6-phosphate']"
D-Fructose 6-phosphate,kegg:C00085,"['D-fructose 6-phosphate(aq)', 'D-Fructose 6-phosphate']"
",-trehalose 6-phosphate(aq)",kegg:C00689,"[""alpha,alpha'-trehalose 6-phosphate"", ',-trehalose 6-phosphate(aq)']"
